pc,instr,gpr,csr,binary,mode,instr_str,operand,pad
00000004,,t1:00000000,,00000313,,addi,,
0000000c,,t6:0000000c,,00000f97,,auipc,,
00000010,,t6:00000018,,00cf8f93,,addi,,
00000020,,ra:f24da000,,f24da0b7,,lui,,
00000024,,ra:f24d9eda,,eda08093,,addi,,
00000028,,sp:00000000,,00000113,,addi,,
0000002c,,gp:80000000,,800001b7,,lui,,
00000030,,tp:00000000,,00000213,,addi,,
00000034,,t0:80000000,,800002b7,,lui,,
00000038,,t1:80000000,,80000337,,lui,,
0000003c,,t2:fa36f000,,fa36f3b7,,lui,,
00000040,,t2:fa36edad,,dad38393,,addi,,
00000044,,s0:fc259000,,fc259437,,lui,,
00000048,,s0:fc2589c2,,9c240413,,addi,,
0000004c,,s1:f9a87000,,f9a874b7,,lui,,
00000050,,s1:f9a87636,,63648493,,addi,,
00000054,,a0:80000000,,80000537,,lui,,
00000058,,a1:94be0000,,94be05b7,,lui,,
0000005c,,a1:94be0504,,50458593,,addi,,
00000060,,a2:0000000a,,00a00613,,addi,,
00000064,,a3:79095000,,790956b7,,lui,,
00000068,,a3:79094ef7,,ef768693,,addi,,
0000006c,,a4:f4ad0000,,f4ad0737,,lui,,
00000070,,a4:f4ad03a8,,3a870713,,addi,,
00000074,,a5:fcab0000,,fcab07b7,,lui,,
00000078,,a5:fcaafb8a,,b8a78793,,addi,,
0000007c,,a6:00000001,,00100813,,addi,,
00000080,,a7:00000000,,00000893,,addi,,
00000084,,s2:00000000,,00000913,,addi,,
00000088,,s3:0000000b,,00b00993,,addi,,
0000008c,,s4:80000000,,80000a37,,lui,,
00000090,,s5:80000000,,80000ab7,,lui,,
00000094,,s6:d54d9000,,d54d9b37,,lui,,
00000098,,s6:d54d8fef,,fefb0b13,,addi,,
0000009c,,s7:0000000d,,00d00b93,,addi,,
000000a0,,s8:00000000,,00000c13,,addi,,
000000a4,,s9:d01c0000,,d01c0cb7,,lui,,
000000a8,,s9:d01c0119,,119c8c93,,addi,,
000000ac,,s10:0000000c,,00c00d13,,addi,,
000000b0,,s11:f1fb4000,,f1fb4db7,,lui,,
000000b4,,s11:f1fb3dfc,,dfcd8d93,,addi,,
000000b8,,t3:c089d000,,c089de37,,lui,,
000000bc,,t3:c089caf8,,af8e0e13,,addi,,
000000c0,,t6:0000000a,,00a00f93,,addi,,
000000c4,,t4:000080c4,,00008e97,,auipc,,
000000c8,,t4:00007e64,,da0e8e93,,addi,,
000000cc,,sp:00000000,,00463133,,sltu,,
000000d0,,a2:0000000f,,01a9e633,,or,,
000000d4,,ra:00000292,,29290093,,addi,,
000000dc,,t0:00000001,,032c3293,,sltiu,,
000000e0,,s11:00000001,,0579bd93,,sltiu,,
000000e4,,s5:00007e64,,012e9ab3,,sll,,
000000e8,,t0:79094ef7,,41e682b3,,sub,,
000000ec,,a2:c0000000,,01e69613,,slli,,
000000f4,,s0:00000001,,52602413,,slti,,
000000f8,,a6:80000000,,db837813,,andi,,
000000fc,,s3:f06fa0fc,,f06fa997,,auipc,,
00000100,,a5:0e75f000,,0e75f7b7,,lui,,
00000104,,gp:00000000,,006341b3,,xor,,
00000108,,a5:00000001,,5430a793,,slti,,
0000010c,,s9:0000000a,,411f8cb3,,sub,,
00000110,,s4:00000047,,04720a13,,addi,,
00000114,,t2:9c789114,,9c789397,,auipc,,
00000118,,a6:0000000a,,018f9833,,sll,,
0000011c,,t2:06578f07,,9314c393,,xori,,
00000120,,t2:82753000,,827533b7,,lui,,
00000124,,a6:00000000,,fe642813,,slti,,
00000128,,t0:c0000000,,01eb1293,,slli,,
0000012c,,s10:5779212c,,57792d17,,auipc,,
00000130,,a4:00000293,,0080e733,,or,,
00000134,,a6:00008000,,01035813,,srli,,
00000138,,s6:00000000,,81222b13,,slti,,
0000013c,,a0:00000001,,01a1b533,,sltu,,
00000144,,t6:00000144,,00000f97,,auipc,,
00000148,,t6:00000150,,00cf8f93,,addi,,
00000150,,gp:00000001,,00100193,,addi,,
00000158,,t5:00001158,,00001f17,,auipc,,
